<?xml version="1.0" encoding="UTF-8"?>
<web-app version="3.1" xmlns="http://xmlns.jcp.org/xml/ns/javaee" xmlns:xsi="http://www.w3.org/2001/XMLSchema-instance" xsi:schemaLocation="http://xmlns.jcp.org/xml/ns/javaee http://xmlns.jcp.org/xml/ns/javaee/web-app_3_1.xsd">
    <servlet>
        <servlet-name>firstPageServlet</servlet-name>
        <servlet-class>Controller.firstPageServlet</servlet-class>
    </servlet>
    <servlet>
        <servlet-name>LoginProcess</servlet-name>
        <servlet-class>Controller.LoginProcess</servlet-class>
    </servlet>
    <servlet>
        <servlet-name>EventRegistrationConfirmationServlet</servlet-name>
        <servlet-class>Controller.EventRegistrationConfirmationServlet</servlet-class>
    </servlet>
    <servlet>
        <servlet-name>signUpProcess</servlet-name>
        <servlet-class>Controller.signUpProcess</servlet-class>
    </servlet>
    <servlet>
        <servlet-name>EventRegSlip</servlet-name>
        <servlet-class>Controller.EventRegSlip</servlet-class>
    </servlet>
    <servlet>
        <servlet-name>RetrieveMemberData</servlet-name>
        <servlet-class>Controller.MembershipMaintain.RetrieveMemberData</servlet-class>
    </servlet>
    <servlet>
        <servlet-name>MemberApprovelServlet</servlet-name>
        <servlet-class>Controller.MembershipMaintain.MemberApprovelServlet</servlet-class>
    </servlet>
    <servlet>
        <servlet-name>MemberExpelServlet</servlet-name>
        <servlet-class>Controller.MembershipMaintain.MemberExpelServlet</servlet-class>
    </servlet>
    <servlet>
        <servlet-name>MemberEditServlet</servlet-name>
        <servlet-class>Controller.MembershipMaintain.MemberEditServlet</servlet-class>
    </servlet>
    <servlet>
        <servlet-name>MemberRejectServlet</servlet-name>
        <servlet-class>Controller.MembershipMaintain.MemberRejectServlet</servlet-class>
    </servlet>
    <servlet>
        <servlet-name>MembershipMaintainCRUD</servlet-name>
        <servlet-class>Controller.MembershipMaintainCRUD</servlet-class>
    </servlet>
    <servlet>
        <servlet-name>RetrieveEvent</servlet-name>
        <servlet-class>Controller.ManageEvent.RetrieveEvent</servlet-class>
    </servlet>
    <servlet>
        <servlet-name>EventEditServlet</servlet-name>
        <servlet-class>Controller.ManageEvent.EventEditServlet</servlet-class>
    </servlet>
    <servlet>
        <servlet-name>EventDeleteServlet</servlet-name>
        <servlet-class>Controller.ManageEvent.EventDeleteServlet</servlet-class>
    </servlet>
    <servlet>
        <servlet-name>EventAddServlet</servlet-name>
        <servlet-class>Controller.ManageEvent.EventAddServlet</servlet-class>
    </servlet>
    <servlet>
        <servlet-name>RetrieveSponsor</servlet-name>
        <servlet-class>Controller.ManageSponsor.RetrieveSponsor</servlet-class>
    </servlet>
    <servlet>
        <servlet-name>SponsorAddServlet</servlet-name>
        <servlet-class>Controller.ManageSponsor.SponsorAddServlet</servlet-class>
    </servlet>
    <servlet>
        <servlet-name>ItemAddServlet</servlet-name>
        <servlet-class>Controller.ManageSponsor.ItemAddServlet</servlet-class>
    </servlet>
    <servlet>
        <servlet-name>SponsorEditServlet</servlet-name>
        <servlet-class>Controller.ManageSponsor.SponsorEditServlet</servlet-class>
    </servlet>
    <servlet>
        <servlet-name>ItemEditServlet</servlet-name>
        <servlet-class>Controller.ManageSponsor.ItemEditServlet</servlet-class>
    </servlet>
    <servlet>
        <servlet-name>SponsorDeleteServlet</servlet-name>
        <servlet-class>Controller.ManageSponsor.SponsorDeleteServlet</servlet-class>
    </servlet>
    <servlet>
        <servlet-name>ItemDeleteServlet</servlet-name>
        <servlet-class>Controller.ManageSponsor.ItemDeleteServlet</servlet-class>
    </servlet>
    <servlet>
        <servlet-name>RetrieveSponsorship</servlet-name>
        <servlet-class>Controller.ManageSponsorship.RetrieveSponsorship</servlet-class>
    </servlet>
    <servlet>
        <servlet-name>SponsorshipAddServlet</servlet-name>
        <servlet-class>Controller.ManageSponsorship.SponsorshipAddServlet</servlet-class>
    </servlet>
    <servlet>
        <servlet-name>SponsorshipEditServlet</servlet-name>
        <servlet-class>Controller.ManageSponsorship.SponsorshipEditServlet</servlet-class>
    </servlet>
    <servlet>
        <servlet-name>SponsorshipDeleteServlet</servlet-name>
        <servlet-class>Controller.ManageSponsorship.SponsorshipDeleteServlet</servlet-class>
    </servlet>
    <servlet>
        <servlet-name>RetrieveParticipation</servlet-name>
        <servlet-class>Controller.ManageParticipation.RetrieveParticipation</servlet-class>
    </servlet>
    <servlet>
        <servlet-name>ParticipationPaidServlet</servlet-name>
        <servlet-class>Controller.ManageParticipation.ParticipationPaidServlet</servlet-class>
    </servlet>
    <servlet>
        <servlet-name>ParticipationCancelServlet</servlet-name>
        <servlet-class>Controller.ManageParticipation.ParticipationCancelServlet</servlet-class>
    </servlet>
    <servlet>
        <servlet-name>ParticipationDeleteServlet</servlet-name>
        <servlet-class>Controller.ManageParticipation.ParticipationDeleteServlet</servlet-class>
    </servlet>
    <servlet>
        <servlet-name>ParticipationEditServlet</servlet-name>
        <servlet-class>Controller.ManageParticipation.ParticipationEditServlet</servlet-class>
    </servlet>
    <servlet>
        <servlet-name>RetrieveProfile</servlet-name>
        <servlet-class>Profile.RetrieveProfile</servlet-class>
    </servlet>
    <servlet>
        <servlet-name>ProfileUpdateServlet</servlet-name>
        <servlet-class>Profile.ProfileUpdateServlet</servlet-class>
    </servlet>
    <servlet>
        <servlet-name>RetrieveAcademic</servlet-name>
        <servlet-class>Controller.NewAcademicYear.RetrieveAcademic</servlet-class>
    </servlet>
    <servlet>
        <servlet-name>RetrievePayment</servlet-name>
        <servlet-class>Controller.ManagePayment.RetrievePayment</servlet-class>
    </servlet>
    <servlet>
        <servlet-name>PaymentEditServlet</servlet-name>
        <servlet-class>Controller.ManagePayment.PaymentEditServlet</servlet-class>
    </servlet>
    <servlet>
        <servlet-name>PaymentDeleteServlet</servlet-name>
        <servlet-class>Controller.ManagePayment.PaymentDeleteServlet</servlet-class>
    </servlet>
    <servlet>
        <servlet-name>UpdateAcademic</servlet-name>
        <servlet-class>Controller.NewAcademicYear.UpdateAcademic</servlet-class>
    </servlet>
    <servlet>
        <servlet-name>RetrieveParticipationMember</servlet-name>
        <servlet-class>Controller.DisplayParticipation.RetrieveParticipationMember</servlet-class>
    </servlet>
    <servlet>
        <servlet-name>SurveyServlet</servlet-name>
        <servlet-class>SurveyServlet</servlet-class>
    </servlet>
    <servlet>
        <servlet-name>ExcoServlet</servlet-name>
        <servlet-class>ExcoServlet</servlet-class>
    </servlet>
    <servlet>
        <servlet-name>surveyValidate</servlet-name>
        <servlet-class>surveyValidate</servlet-class>
    </servlet>
    <servlet>
        <servlet-name>Report</servlet-name>
        <servlet-class>Controller.Report</servlet-class>
    </servlet>
    <servlet>
        <servlet-name>ResignServlet</servlet-name>
        <servlet-class>Controller.ResignServlet</servlet-class>
    </servlet>
    <servlet-mapping>
        <servlet-name>firstPageServlet</servlet-name>
        <url-pattern>/firstPageServlet</url-pattern>
    </servlet-mapping>
    <servlet-mapping>
        <servlet-name>LoginProcess</servlet-name>
        <url-pattern>/LoginProcess</url-pattern>
    </servlet-mapping>
    <servlet-mapping>
        <servlet-name>EventRegistrationConfirmationServlet</servlet-name>
        <url-pattern>/EventRegistrationConfirmationServlet</url-pattern>
    </servlet-mapping>
    <servlet-mapping>
        <servlet-name>signUpProcess</servlet-name>
        <url-pattern>/signUpProcess</url-pattern>
    </servlet-mapping>
    <servlet-mapping>
        <servlet-name>EventRegSlip</servlet-name>
        <url-pattern>/EventRegSlip</url-pattern>
    </servlet-mapping>
    <servlet-mapping>
        <servlet-name>RetrieveMemberData</servlet-name>
        <url-pattern>/RetrieveMemberData</url-pattern>
    </servlet-mapping>
    <servlet-mapping>
        <servlet-name>MemberApprovelServlet</servlet-name>
        <url-pattern>/MemberApprovelServlet</url-pattern>
    </servlet-mapping>
    <servlet-mapping>
        <servlet-name>MemberExpelServlet</servlet-name>
        <url-pattern>/MemberExpelServlet</url-pattern>
    </servlet-mapping>
    <servlet-mapping>
        <servlet-name>MemberEditServlet</servlet-name>
        <url-pattern>/MemberEditServlet</url-pattern>
    </servlet-mapping>
    <servlet-mapping>
        <servlet-name>MemberRejectServlet</servlet-name>
        <url-pattern>/MemberRejectServlet</url-pattern>
    </servlet-mapping>
    <servlet-mapping>
        <servlet-name>MembershipMaintainCRUD</servlet-name>
        <url-pattern>/MembershipMaintainCRUD</url-pattern>
    </servlet-mapping>
    <servlet-mapping>
        <servlet-name>RetrieveEvent</servlet-name>
        <url-pattern>/RetrieveEvent</url-pattern>
    </servlet-mapping>
    <servlet-mapping>
        <servlet-name>EventEditServlet</servlet-name>
        <url-pattern>/EventEditServlet</url-pattern>
    </servlet-mapping>
    <servlet-mapping>
        <servlet-name>EventDeleteServlet</servlet-name>
        <url-pattern>/EventDeleteServlet</url-pattern>
    </servlet-mapping>
    <servlet-mapping>
        <servlet-name>EventAddServlet</servlet-name>
        <url-pattern>/EventAddServlet</url-pattern>
    </servlet-mapping>
    <servlet-mapping>
        <servlet-name>RetrieveSponsor</servlet-name>
        <url-pattern>/RetrieveSponsor</url-pattern>
    </servlet-mapping>
    <servlet-mapping>
        <servlet-name>SponsorAddServlet</servlet-name>
        <url-pattern>/SponsorAddServlet</url-pattern>
    </servlet-mapping>
    <servlet-mapping>
        <servlet-name>ItemAddServlet</servlet-name>
        <url-pattern>/ItemAddServlet</url-pattern>
    </servlet-mapping>
    <servlet-mapping>
        <servlet-name>SponsorEditServlet</servlet-name>
        <url-pattern>/SponsorEditServlet</url-pattern>
    </servlet-mapping>
    <servlet-mapping>
        <servlet-name>ItemEditServlet</servlet-name>
        <url-pattern>/ItemEditServlet</url-pattern>
    </servlet-mapping>
    <servlet-mapping>
        <servlet-name>SponsorDeleteServlet</servlet-name>
        <url-pattern>/SponsorDeleteServlet</url-pattern>
    </servlet-mapping>
    <servlet-mapping>
        <servlet-name>ItemDeleteServlet</servlet-name>
        <url-pattern>/ItemDeleteServlet</url-pattern>
    </servlet-mapping>
    <servlet-mapping>
        <servlet-name>RetrieveSponsorship</servlet-name>
        <url-pattern>/RetrieveSponsorship</url-pattern>
    </servlet-mapping>
    <servlet-mapping>
        <servlet-name>SponsorshipAddServlet</servlet-name>
        <url-pattern>/SponsorshipAddServlet</url-pattern>
    </servlet-mapping>
    <servlet-mapping>
        <servlet-name>SponsorshipEditServlet</servlet-name>
        <url-pattern>/SponsorshipEditServlet</url-pattern>
    </servlet-mapping>
    <servlet-mapping>
        <servlet-name>SponsorshipDeleteServlet</servlet-name>
        <url-pattern>/SponsorshipDeleteServlet</url-pattern>
    </servlet-mapping>
    <servlet-mapping>
        <servlet-name>RetrieveParticipation</servlet-name>
        <url-pattern>/RetrieveParticipation</url-pattern>
    </servlet-mapping>
    <servlet-mapping>
        <servlet-name>ParticipationPaidServlet</servlet-name>
        <url-pattern>/ParticipationPaidServlet</url-pattern>
    </servlet-mapping>
    <servlet-mapping>
        <servlet-name>ParticipationCancelServlet</servlet-name>
        <url-pattern>/ParticipationCancelServlet</url-pattern>
    </servlet-mapping>
    <servlet-mapping>
        <servlet-name>ParticipationDeleteServlet</servlet-name>
        <url-pattern>/ParticipationDeleteServlet</url-pattern>
    </servlet-mapping>
    <servlet-mapping>
        <servlet-name>ParticipationEditServlet</servlet-name>
        <url-pattern>/ParticipationEditServlet</url-pattern>
    </servlet-mapping>
    <servlet-mapping>
        <servlet-name>RetrieveProfile</servlet-name>
        <url-pattern>/RetrieveProfile</url-pattern>
    </servlet-mapping>
    <servlet-mapping>
        <servlet-name>ProfileUpdateServlet</servlet-name>
        <url-pattern>/ProfileUpdateServlet</url-pattern>
    </servlet-mapping>
    <servlet-mapping>
        <servlet-name>RetrieveAcademic</servlet-name>
        <url-pattern>/RetrieveAcademic</url-pattern>
    </servlet-mapping>
    <servlet-mapping>
        <servlet-name>RetrievePayment</servlet-name>
        <url-pattern>/RetrievePayment</url-pattern>
    </servlet-mapping>
    <servlet-mapping>
        <servlet-name>PaymentEditServlet</servlet-name>
        <url-pattern>/PaymentEditServlet</url-pattern>
    </servlet-mapping>
    <servlet-mapping>
        <servlet-name>PaymentDeleteServlet</servlet-name>
        <url-pattern>/PaymentDeleteServlet</url-pattern>
    </servlet-mapping>
    <servlet-mapping>
        <servlet-name>UpdateAcademic</servlet-name>
        <url-pattern>/UpdateAcademic</url-pattern>
    </servlet-mapping>
    <servlet-mapping>
        <servlet-name>RetrieveParticipationMember</servlet-name>
        <url-pattern>/RetrieveParticipationMember</url-pattern>
    </servlet-mapping>
    <servlet-mapping>
        <servlet-name>SurveyServlet</servlet-name>
        <url-pattern>/SurveyServlet</url-pattern>
    </servlet-mapping>
    <servlet-mapping>
        <servlet-name>ExcoServlet</servlet-name>
        <url-pattern>/ExcoServlet</url-pattern>
    </servlet-mapping>
    <servlet-mapping>
        <servlet-name>surveyValidate</servlet-name>
        <url-pattern>/surveyValidate</url-pattern>
    </servlet-mapping>
    <servlet-mapping>
        <servlet-name>Report</servlet-name>
        <url-pattern>/Report</url-pattern>
    </servlet-mapping>
    <servlet-mapping>
        <servlet-name>ResignServlet</servlet-name>
        <url-pattern>/ResignServlet</url-pattern>
    </servlet-mapping>
    <session-config>
        <session-timeout>
            30
        </session-timeout>
    </session-config>
</web-app>
